name,address
Cheney Rivière,31 Clerkenwell Close
Oldřich Martinek,2 Woodbridge Street
Leon Sandström,"Rosebery Avenue Hall, 90 Rosebery Avenue"
Mohamed Hermansson,19-29 Woburn Place
Calvin Minor,G32 19-29 Woburn Place
Lars Samuelsson,"401,John Adams Hall, 15-23 Endsleigh Street"
Iyo Tenno,John Adams Hall 15-23 Endsleigh Street
Sigge Petersson,"Flat 177, Russell Court Woburn Place"
Jakub M Křivánek,"Passfield Hall, 1 Endsleigh Place"
Seika Fujita,Flat 5 8A Leigh Street
Marek Kubeček,Flat 5 8A leigh  street
Alice Walton,"Flat 79, Clare Court Judd Street"
Simona Nyman,"LC21, International Hall Lansdowne Terrace"
Romana Dočekalová,2N40 International Hall Lansdowne Terrace
Yoshisato Oota,UCL Institute of Child Health 30 Guilford Street
Dai Hu,"Flat E, 1A Doughty Street"
Lola Rhodes,"Faraday House, 48 Old Gloucester Street"
Qiao Pan,"Flat 3, Babington Court Orde Hall Street"
Édouard CinqMars,"Flat 45, Blemundsbury Dombey Street"
Vilda Ek,200 Gray's Inn Road
Štěpán Šuba,200 gray's Inn Road
Sabelia Chávez,"Flat 79 Block C, Depot Point,  15-27 Britannia Street, Kings Cross"
Tia Morgan Chase,33 Holborn
Song Hsiung,"Peterborough Court, 133 Fleet Street"
Mrs Ellie Louise Clark,2 New Street Square
Roquelina Meléndez,66 Shoe Lane
Heita Oka,2 New Street Square
Rina Fukasawa,5 Fleet Place
Fukuyo Asai,20 Cursitor Street
Gaetane Dodier,"Merrill Lynch Financial Centre,  2 King Edward Street"
Zachary Campbell,75 Little Britain 75 Little Britain
Dimpna Pulido,Therese House Flat 7.18D 29-30 Glasshouse Yard
Kazutaka Fukazawa,"Bow Bells House, 1 Bread Street"
Elise Kirby,32 Watling Street
Li Qin Feng,DODDLE CITY THAMESLINK STATION (QZE33487)
Shi Hsueh,"Flat 5, Firstoak House, 5-6 Oakley Crescent"
Emelia Henriksson,60 holborn viaduct
Kai Wilkinson,10 Bloomsbury way
Zhen Juan Chia,"Flat 19, Nigel Building Bourne Estate, Portpool Lane"
Minehiro Nakahara,83-85 Saffron Hill Usborne Publishing
Mr. Takateru Miyashita,"Baird House, 15-17 St. Cross Street"
Jasmine Kent,21 Tudor Street
Cerys Quinn,"4 Paper Buildings, Temple"
Laurie Fritz,"5 Paper Buildings, Temple"
Lucie Jandová,"1 Crown Office Row, Temple"
Jerzy Novosad,"Essex Court Chambers, 24-28 Lincoln's Inn Fields"
Lars Hans Sandström,44 Southampton Buildings
Petr Navrátil,"12 Jacobs Court, 19 Plumbers Row"
Helen Rencher,"Flat 83, Wool House, 74 Back Church Lane"
Luke Wilkinson,"12.3 Magenta House, 5 Tyrian Place"
Noelle Chevrette,"Management Suite, Magenta House 5 Tyrian Place"
Manchu Ko,14 Langdale Street
Eliška Podlešáková,"FLAT 829,  LIBERTY PLAZA,65 LEMAN STREET"
Čestmír Hořínek,45 Mortimer Street
Lykke Van Olsson,"Room936,Liberty Plaza 65 Leman Street"
Merve Lindgren,"9.04, Block 1 65 Leman Street"
Tracy Pilgrim,"Flat 10, Lattice House, 20 Alie Street"
Ms Eleanor Jones,Lloyds Chambers 1 Portsoken Street
Olegario Aranda,"Flat 12, Warwick Apartments, 132 Cable Street"
Yusuf Mårtensson,Tower Bridge House St. Katharines Way
Věra Říhová,20 Red Lion Street
Marta Kupková,37 - 39 (5th Floor) 37-39 High Holborn
Peng Hsieh,181A High Holborn
Anita Bray,55-57 High Holborn
Christina Young,"Mid City Place, 71 High Holborn"
Mitsuki Kurota,LSE Grosvenor House 141-143 Drury Lane
Darwin Jimínez,ROOM 509 141-143 Drury Lane
Anna Svobodová,"Flat 30, 8 Newton Street"
Gabrielle Bérard,141-143 Drury Lane
Hoshika Amano,INCOMING GUEST Aldwych
Pavla Poláková,111 Strand
Kang Hsüeh,Somerset House Strand
Jason Jönsson,76 Guinness Court
Dr. Spencer Herbert,The Bower 4th Floor 211 Old Street
Reika Kochi,"Flat 5, 9 Wakley Street"
Gianfranco Cortez,"Flat 27, Lawrence House, 238 City Road"
Misora Sumita,2 Old Street
Kazuki Terada,"Flat 1, Newland Court Old Street"
Texas Jakobsson,"Unit 10, 40 Compton Street"
Anquises Marín,"Flat 34, Chronicle Tower,  261B City Road"
Honorina Heredia,2 Masons Yard
Ju Tai,256-260 Old Street
Tammie Gonzales,"Room 314, Liberty House 218 St. John Street"
Sonya Cain,27 Northampton Square
Jesse Kimura,60 Holborn Viaduct
Louise Caouette,STUDIO 478  11
Milan Odstrčilík,SAGE 1 Oliver's Yard
Laodamia Roldán,"Milton Gate, 60 Chiswell Street"
Sean Lawrence,"Apartment 73, 1 Lamb's Passage"
Byron Dubé,5 St. John's Lane
Bastian Wallin,100 St. John Street
Zoe Bishop,"Priory House, 18-25 St. John's Lane"
Declan Davies,1 Embankment Place
Marilu Carmona,111 strand
Andrew Hanson,38 Craven Street
Maximillia Svensson,40 Strand
Kii Kamei,"Charing Cross Hotel Strand, Charing Cross,"
Oliver Björklund,Flat A 38 Marylebone High Street
Kevin Edwards,60 Bickenhall Mansions Bickenhall Street
Sylvie K Dodier,95 Wigmore Street
Jose Paul,60 Bickenhall Mansions Bickenhall Street
Dina Castro,6 Porter Street
Tyler Myers,12 Picton Place
Miroslav Semerád,64 Gloucester Place
Sayami Shimizu,12 Thayer Street
Telma Arvidsson,1 Air Street
Koreya Meshizuka,72 Broadwick Street
Mulan Chiang,1 Little Marlborough Street
Miluše Antošová,36 Carnaby Street
Louie Conway,49 Carnaby Street
Nijino Moteki,"Flat 18, 2 Hopkins Street"
Erena Mutou,"Hardy House, 16-18 Beak Street"
Ms. Lara Davies,2 Fouberts Place
Chiho Sugano,Queensberry House 3 Old Burlington Street
Hong Tao,14 Savile Row
Fai Chung,178 New Bond Street
Aimee Carpenter,21 Stephen Street
Naomi Yates,24 Percy Street
Dollie Hayes,66 Cleveland Street
Ganelon Perillard,3rd Floor 1 Alfred Mews
Tomas Söderberg,"Flat D, 11 Goodge Place"
Kanae Kamimura,12 Goodge Place
Terese Berggren,17 Warren Street
Jésica Barragán,22 Conway Street
Kikuko Numata,7-9 Rathbone Street
Felizia Johansson,117 Gower Street
Robert K Alvarez,"Whittington House, 19-30 Alfred Place"
Dexter Åström,"B4- Arthur Tattersall House 117 Gower Street, London"
Royale Avare,"Helen Graham House, 57 Great Russell Street"
Park T'ang,"Second Floor, 5 Little Russell Street"
Yasuhiro Yamauchi,40 Holborn Viaduct
Errolán Urbina,"Lambert Smith Hampton UK House, 5th Floor"
Amadeus Magnusson,3-4  John Princess Str
Dr. Ernestina Hernandes,"Flat 142, Holcroft Court Clipstone Street"
Vlasta Sedláčková,60 Great Portland Street
Thindra Magnusson,20-22  Elsley Court
Bartlett de Launay,8 Cavendish Square 5th floor
Kii Fujino,"Moray House, 23-31 Great Titchfield Street"
Aimee Nolan,"FLAT 700,  LIBERTY PLAZA,65 LEMAN STREET"
Daniel Měchura,24-25 Foley Street
Věra Loukotová,136 New Cavendish Street
Koukai Hirakawa,"Flat 4, Clevedon House, 15 Hanson Street"
Jana Svobodová,"Flat 2, 31-34 St. Andrew's Hill"
Adriana Holmberg,1 Angel Lane
Melina Nyberg,"The Walbrook Building, 25 Walbrook"
Dana Čiháková,"Pellipar House, 9 Cloak Lane"
Philip Panetier,Adelaide House London Bridge
Abigail Weston,Adelaide House London Bridge
Kai Stewart,"Cannon Bridge House, 25 Dowgate Hill"
Akihide Ikegami,"Riverbank House, 2 Swan Lane"
Yasuhiko Ooki,1 Minster Court Mincing Lane
Taimei Ideguchi,8th Floor Plantation Place 30 Fenchurch Street
Shing Lü,1 Minster Court Mincing Lane
Seijun Konishi,1 Great Tower Street
Brian Dawson,52-56 Minories
René Pinneau,"Plantation Place, 30 Fenchurch Street"
Sachi Kohara,18F 20 Fenchurch Street
Kong Liao,60 Fenchurch Street
Li Hua Chou,"Plantation Place, 30 Fenchurch Street"
Michelle Nyman,110 Cannon Street
Jamie Reeves,6 Agar Street
Melissa Walsh,6 Agar street
Ruby Flynn,Flat 2 8 Bedford Court
Abbie Gregory,ECI Partners LLP Brettenham House
Casper Eriksson,44 Maiden Lane
Fatima Lundström,22 Henrietta Street
Catherine Martinez,77 Endell Street
Mr Moriaki Tsuji,flat 3 12 great newport street
Joy Cyrus,125 Shaftesbury Avenue
Sayuki Nakajima,Flat 2 Gloucester Mansions 140a Shaftesbury Avenue
Tia Burgess,1 St. Giles High Street
Anna Kroftová,"St. Vincent House, 30 Orange Street"
Li Tsui,64 St. Giles High Street
Ester Lundström,25a Soho Square London
Yul Hsueh,7 Soho Square
Dina Johnsson,"Apartment 2, 22 Rupert Street"
Ryuuhei Kamimura,11 Soho Street
Dreux Lemaître,31 Westminster Palace Gardens Artillery Row
Alfons Holmgren,"35 Ashley Gardens, Ambrosden Avenue"
Olympia Gervais,27 Queen Annes Gate
Yukihiko Nishino,24 Queen Annes Gate
Shizuko Taketou,Francis House 11 Francis Street
Kunihiro Ishikawa,"Flat 15, Zeiss Court, 46 Lancaster Street"
Colette Boutot,"128G, Block B, Moonraker Point Pocock Street"
Kanako Chida,"Flat 45, 140 Southwark Bridge Road"
Raraka Hakui,9 Cooper Place
An Lü,4F New High Street
Michael J Williams,19 Hugh Allen Crescent
Bradley Reeves,"Flat 1, 40 Windmill Road"
Harun Strömberg,Building 664 Roosevelt Drive
Galeno Partida,13 aveline Street
Nathan Scott,40 Windmill Road
Bradley Berry,16 Starwort Path
Jose Dittrich,101 Crescent Road
Natali Björk,62 Mandelbrote Drive
Michel Poulin,103 Percy Street
Ming T'iena,117 Jermyn Street
Tatsunori Kanazawa,1 Jermyn Street
Matthew Harris,23 King Street London
Cheryl Mcbroom,12 Charles II Street